level,task,total,pos_support,neg_support,accuracy,tpr_recall_sensitivity,tnr_specificity,fpr,fnr,precision_ppv,npv,f1,f0_5,f2,prevalence,predicted_positive_rate,predicted_negative_rate,fdr,for,threat_score,mcc,balanced_accuracy,youden_j,g_mean,lr_plus,lr_minus,diagnostic_odds_ratio,cohens_kappa,markedness,owasp_score,TP,FP,TN,FN
global,any_alert,2740,1415,1325,0.6514598540145985,0.5992932862190813,0.7071698113207547,0.29283018867924526,0.4007067137809187,0.686084142394822,0.6230053191489362,0.6397585816672953,0.666771504953609,0.6148491879350348,0.5164233576642335,0.4510948905109489,0.5489051094890511,0.313915857605178,0.37699468085106386,0.47032723239046037,0.30777347806726324,0.6532315487699181,0.30646309753983614,0.6510008603230435,2.0465556810316565,0.5666343604692821,3.611774759541083,0.3051520768164509,0.30908946154375805,30.646309753983616,848,388,937,567
global,cwe_aware,2740,1415,1325,0.6284671532846715,0.5547703180212014,0.7071698113207547,0.29283018867924526,0.44522968197879864,0.6692242114236999,0.5979578813018507,0.606646058732612,0.642705092516784,0.5744182643055757,0.5164233576642335,0.4281021897810219,0.5718978102189781,0.3307757885763001,0.4020421186981493,0.4353854686633389,0.26454812780737125,0.630970064670978,0.2619401293419561,0.6263519945856388,1.8945120396342574,0.6295937338547579,3.0091024382261495,0.2604274657764885,0.2671820927255506,26.19401293419561,785,388,937,630
